,Index,ImageId,ClassId,instance_center_x,instance_min_x,instance_max_x,instance_std_x,instance_size,window_size,all_instances_fit_in_window,all_overlapping_appx_centered
6119,14098,dd8df432e.jpg,3,1232.962382445141,1219.0,1250.0,6.151827362978618,31.0,160,True,True
10524,13654,d60ae28dc.jpg,3,1320.917495029821,1299.0,1342.0,10.22960328591252,43.0,160,True,True
7047,9660,975f12b62.jpg,3,740.6617090319091,726.0,753.0,6.735073996712241,27.0,160,True,True
6428,8784,8b0964301.jpg,3,1370.29012345679,1364.0,1379.0,3.5165957492681423,15.0,160,True,True
8149,7257,72df2d40d.jpg,3,1244.158677184466,1228.0,1274.0,9.700834650191354,46.0,160,True,True
6630,14159,de9737017.jpg,3,708.303180396246,689.0,726.0,8.519168125305885,37.0,160,True,True
10199,11794,b7df222b1.jpg,3,1277.0868856910129,1248.0,1311.0,16.89768685221257,63.0,160,True,True
7899,4876,4ecf05db6.jpg,3,463.0174180327869,451.0,476.0,6.691512232402786,25.0,160,True,True
7866,6802,6bdf447c5.jpg,3,1261.2146374216652,1250.0,1272.0,5.308671870261135,22.0,160,True,True
7077,2567,286e0559b.jpg,3,216.0971814923428,159.0,279.0,30.37129855141026,120.0,160,True,True
7360,8525,86d953299.jpg,3,453.9473684210527,441.0,466.0,6.042481608071568,25.0,160,True,True
6840,10955,ab2541958.jpg,3,936.9351976856316,880.0,985.0,29.4306344192354,105.0,160,True,True
7072,1570,1917c9f34.jpg,3,605.9811898512686,596.0,615.0,5.244510989800357,19.0,160,True,True
7684,5538,5a6a8196b.jpg,3,732.9880952380952,722.0,743.0,6.0758970484456585,21.0,160,True,True
5547,5696,5ba43097d.jpg,3,1258.4841149773072,1233.0,1284.0,12.29834311521757,51.0,160,True,True
7309,5094,529b36067.jpg,3,1192.5,1183.0,1202.0,4.992181386928965,19.0,160,True,True
9448,15411,f32454873.jpg,3,652.2660718971399,629.0,675.0,11.959041917013852,46.0,160,True,True
7912,9248,9150a0950.jpg,3,1019.2998095238096,1010.0,1030.0,5.178161096824933,20.0,160,True,True
10608,6810,6becce2bf.jpg,3,263.89645322542253,252.0,273.0,5.40208898279353,21.0,160,True,True
10138,14296,e0490b7cf.jpg,3,1006.2849553248008,993.0,1019.0,7.383413287180625,26.0,160,True,True
6731,13538,d4935dbfe.jpg,3,815.0333333333333,807.0,824.0,4.4345862891092285,17.0,160,True,True
9243,7922,7de37a671.jpg,3,1227.563805783052,1166.0,1303.0,38.307232653449255,137.0,160,True,True
5386,8855,8c504c51c.jpg,3,358.7742390647047,348.0,370.0,5.729914354936743,22.0,160,True,True
6918,10049,9e130c0b6.jpg,3,490.78597335015377,440.0,544.0,29.049504824649933,104.0,160,True,True
7520,6227,6355bcd53.jpg,3,1198.053841156407,1171.0,1227.0,14.518545105013898,56.0,160,True,True
7174,4874,4ecf05db6.jpg,3,1250.2474892395985,1243.0,1257.0,3.933414247389008,14.0,160,True,True
5778,10594,a664d8138.jpg,3,496.5828460038986,467.0,527.0,12.90792320897819,60.0,160,True,True
7924,198,02d18b8a4.jpg,3,1027.2863302054272,1020.0,1036.0,4.516707036602517,16.0,160,True,True
5998,494,080d6f77f.jpg,3,1038.4895501239816,1022.0,1055.0,7.377082052777396,33.0,160,True,True
9718,7551,77343ffda.jpg,3,1331.570412517781,1305.0,1354.0,12.055777469105603,49.0,160,True,True
6857,8541,8709ea899.jpg,3,1055.945895230649,1040.0,1071.0,7.5036741560698,31.0,160,True,True
7605,10253,a135808ff.jpg,3,1226.2857142857142,1223.0,1229.0,1.905952009160905,6.0,160,True,True
10508,12877,ca6b5420f.jpg,3,1348.5483517986595,1315.0,1379.0,16.86359241776645,64.0,160,True,True
6482,2469,274b1d54b.jpg,3,625.2644526445265,612.0,638.0,7.380798754881315,26.0,160,True,True
5896,11736,b6c567b64.jpg,3,647.2560975609756,637.0,658.0,5.942429033631798,21.0,160,True,True
5772,3387,36a3259fa.jpg,3,262.41542046999416,206.0,320.0,31.74983668712479,114.0,160,True,True
7893,14805,e89c99064.jpg,3,234.24848024316108,226.0,242.0,4.505013555262067,16.0,160,True,True
6930,7482,763871334.jpg,3,971.5208333333334,966.0,978.0,3.488012706239599,12.0,160,True,True
5931,13412,d25356a51.jpg,3,931.2927409032728,921.0,943.0,6.237253549159885,22.0,160,True,True
6018,7553,773948ca6.jpg,3,1325.321212121212,1317.0,1333.0,3.722149719014829,16.0,160,True,True
9193,5992,602288d9c.jpg,3,221.4530672579453,210.0,233.0,6.922027447532255,23.0,160,True,True
6058,11433,b2d4a1767.jpg,3,934.0602678571428,919.0,951.0,8.237459728908872,32.0,160,True,True
5860,10118,9efbf2ac6.jpg,3,1209.2051282051282,1207.0,1211.0,1.284612825628241,4.0,160,True,True
6744,3246,33a4b4335.jpg,3,1333.5292,1305.0,1354.0,12.729664070980036,49.0,160,True,True
5474,3086,3124b1e5c.jpg,3,579.2718068535826,565.0,592.0,6.710069350734493,27.0,160,True,True
9647,4818,4e1d02f5a.jpg,3,1235.645161290323,1232.0,1239.0,1.751467349741707,7.0,160,True,True
5315,13970,db7670e3e.jpg,3,1208.418181818182,1204.0,1213.0,2.3252832405451875,9.0,160,True,True
6303,13085,cd7d5af6d.jpg,3,774.2294296213453,761.0,787.0,7.117265091618144,26.0,160,True,True
5891,3900,3ead6a6bf.jpg,3,551.5239786856127,514.0,576.0,15.913198510493078,62.0,160,True,True
6031,1334,14fb9778c.jpg,3,357.759250123335,345.0,372.0,7.2870925053465,27.0,160,True,True
10573,13859,d9378a0a0.jpg,3,1069.6306572751682,1018.0,1124.0,29.224666978213683,106.0,160,True,True
6977,14507,e481c68fd.jpg,3,662.63091238046,655.0,670.0,4.415161701533043,15.0,160,True,True
7024,10963,ab6530468.jpg,3,179.1922487745098,164.0,192.0,7.471511742118929,28.0,160,True,True
8455,8647,895c92dd5.jpg,3,708.4727662749488,688.0,730.0,12.127257471817474,42.0,160,True,True
6652,4621,4b628b398.jpg,3,576.8408577878104,551.0,601.0,11.928613897369091,50.0,160,True,True
7045,10301,a1d5d669f.jpg,3,1364.8780418788908,1355.0,1379.0,5.968897789183041,24.0,160,True,True
9570,10876,aa394081e.jpg,3,265.2275152439024,254.0,275.0,5.949616116670321,21.0,160,True,True
10096,4116,428ebe246.jpg,3,1200.7226890756303,1191.0,1211.0,4.394275056601934,20.0,160,True,True
9000,13024,ccd94dc85.jpg,3,1383.542372881356,1365.0,1404.0,10.236077567472176,39.0,160,True,True
6259,885,0d3edfec6.jpg,3,247.6416359369762,233.0,259.0,6.934923518157292,26.0,160,True,True
6871,11952,baa9d44b3.jpg,3,220.60846005943017,193.0,245.0,12.920805059257178,52.0,160,True,True
6495,7126,70a38928c.jpg,3,1268.212765957447,1256.0,1279.0,5.801668849205145,23.0,160,True,True
6188,2019,200992bc9.jpg,3,1187.3914027149322,1165.0,1208.0,12.050167319233832,43.0,160,True,True
5322,4879,4ee32c458.jpg,3,514.953849832616,506.0,527.0,5.13337400728174,21.0,160,True,True
7322,14955,eb18f69ed.jpg,3,936.2854336233512,908.0,965.0,13.06101652559032,57.0,160,True,True
8645,11498,b3eb9c9cb.jpg,3,797.0276146988476,787.0,808.0,5.338864811979492,21.0,160,True,True
5475,13720,d6d71b8ec.jpg,3,674.925820256776,663.0,687.0,6.291327574039461,24.0,160,True,True
6214,9667,977eee415.jpg,3,650.0132850241546,634.0,665.0,8.41731980998082,31.0,160,True,True
10510,10902,aa6bd6ba3.jpg,3,542.0678034916768,524.0,573.0,11.424231443518073,49.0,160,True,True
10225,6861,6cbc3708d.jpg,3,1225.3333333333333,1225.0,1226.0,0.4714045207910317,1.0,160,True,True
7414,3660,3aaaf3e64.jpg,3,699.425847096884,683.0,716.0,8.501238943878207,33.0,160,True,True
5717,4036,41028db98.jpg,3,1381.035335689046,1374.0,1389.0,3.879659124542845,15.0,160,True,True
6718,27,005f19695.jpg,3,1150.144685242518,1131.0,1164.0,7.377112622076596,33.0,160,True,True
9153,10472,a4c93ac65.jpg,3,564.645390070922,523.0,605.0,21.038566888347148,82.0,160,True,True
6876,13361,d1a618e4f.jpg,3,493.5862923203964,483.0,506.0,5.710409783433274,23.0,160,True,True
5862,5314,56abc5057.jpg,3,1082.9983544512097,1063.0,1106.0,8.833642361887748,43.0,160,True,True
6465,11642,b5ab7a42f.jpg,3,876.8471666221866,851.0,905.0,13.434800174533413,54.0,160,True,True
5330,10650,a75ec2a42.jpg,3,1290.4541832669322,1278.0,1301.0,6.069393895706058,23.0,160,True,True
6900,13902,da30cbaf7.jpg,3,1016.5949858757062,959.0,1084.0,33.82396398753861,125.0,160,True,True
8869,3093,313c72ff8.jpg,3,442.2413043478261,411.0,476.0,16.933579658117395,65.0,160,True,True
5700,4014,40b68e3bb.jpg,3,629.0120689655172,611.0,644.0,7.247462756650554,33.0,160,True,True
5391,13298,d0577e299.jpg,3,208.63354085005,181.0,241.0,16.91137255730035,60.0,160,True,True
8618,5371,579a51c1b.jpg,3,810.9397651863195,774.0,840.0,16.62855610532759,66.0,160,True,True
6516,3284,349baa83f.jpg,3,669.4904352954185,615.0,724.0,30.61741542981062,109.0,160,True,True
8087,13108,cdbc4d8ec.jpg,3,473.2167077681874,461.0,486.0,7.361538466516949,25.0,160,True,True
7269,9421,93851869f.jpg,3,616.8414279784142,606.0,625.0,4.647625812199808,19.0,160,True,True
9894,5374,57a7375f3.jpg,3,1357.473544973545,1348.0,1366.0,4.945800273283938,18.0,160,True,True
7142,10694,a81499b19.jpg,3,1367.3884057971015,1360.0,1377.0,4.051105994337558,17.0,160,True,True
5932,6721,6afbf77ec.jpg,3,440.76215945178006,428.0,453.0,6.831519316800032,25.0,160,True,True
6083,3232,335be17fa.jpg,3,170.7753086419753,136.0,210.0,18.09955685198048,74.0,160,True,True
8517,8211,82cf55ab9.jpg,3,1108.751391862955,1099.0,1118.0,5.367567885049897,19.0,160,True,True
6681,14176,dea31c6e2.jpg,3,1201.6923076923076,1200.0,1203.0,0.9910845174403944,3.0,160,True,True
8096,10757,a9107b3b6.jpg,3,368.20410230438085,359.0,376.0,4.560543274811175,17.0,160,True,True
6072,14816,e8aacce9c.jpg,3,610.0,600.0,620.0,5.522680508593631,20.0,160,True,True
6811,15180,ee9a247ad.jpg,3,508.2841435185185,502.0,516.0,3.945115763423152,14.0,160,True,True
8460,11359,b1933b386.jpg,3,1226.447534766119,1213.0,1241.0,7.151562443024446,28.0,160,True,True
9820,2654,29dc27ca2.jpg,3,364.2420400943397,350.0,378.0,7.6907980171047186,28.0,160,True,True
8355,7584,77df0ea49.jpg,3,808.7552870090634,801.0,816.0,3.977800272545146,15.0,160,True,True
9686,14492,e44a065d8.jpg,3,135.24576271186442,120.0,150.0,8.53302303087184,30.0,160,True,True
8030,12495,c4370b942.jpg,3,538.1123439667128,525.0,550.0,6.375436145500045,25.0,160,True,True
8516,6932,6e0729dc0.jpg,3,587.2747975708502,579.0,596.0,4.544359904632126,17.0,160,True,True
9585,5024,51938ecf0.jpg,3,867.477127397934,853.0,882.0,7.145061474290525,29.0,160,True,True
8436,4162,4340e1e42.jpg,3,810.5955394816154,782.0,838.0,15.338969015530727,56.0,160,True,True
6393,11518,b41ab39a5.jpg,3,1409.7770700636945,1395.0,1429.0,9.433035003500024,34.0,160,True,True
9572,12404,c2ad68694.jpg,3,1199.1137703780785,1180.0,1229.0,11.18715821621192,49.0,160,True,True
9998,13802,d812de018.jpg,3,1364.7241379310344,1359.0,1369.0,2.905364262569568,10.0,160,True,True
8403,1045,0ff13bf69.jpg,3,492.9510588235294,482.0,503.0,5.133186608846953,21.0,160,True,True
9382,8152,81f75d1b5.jpg,3,445.2037627551021,431.0,457.0,7.146200012397095,26.0,160,True,True
10387,7006,6ed69f517.jpg,3,709.7758346581876,697.0,723.0,7.360293149144437,26.0,160,True,True
7241,7938,7e6015fc5.jpg,3,1132.6390915347556,1051.0,1197.0,37.20101771359121,146.0,160,True,True
8677,14602,e5ea04944.jpg,3,244.71621621621625,234.0,254.0,5.413996551158234,20.0,160,True,True
8071,6371,653eb7e80.jpg,3,455.91478696741854,431.0,487.0,14.279502232884193,56.0,160,True,True
7198,4001,409adafbe.jpg,3,796.371921749137,785.0,805.0,5.122907655143592,20.0,160,True,True
10169,789,0bb37f2aa.jpg,3,1320.9265536723165,1312.0,1329.0,3.9588599038921175,17.0,160,True,True
5812,2388,25c8f7153.jpg,3,1122.5831073113206,1045.0,1192.0,38.59170640280714,147.0,160,True,True
5845,5521,5a3c3a927.jpg,3,1144.406779661017,1136.0,1153.0,4.977186294958988,17.0,160,True,True
8899,3768,3c7e032fc.jpg,3,1231.2562674094709,1221.0,1245.0,5.374141998845658,24.0,160,True,True
9035,8922,8d23e30d7.jpg,3,723.7043640686024,682.0,769.0,20.65410374892833,87.0,160,True,True
6732,8237,830ab6c11.jpg,3,754.1041936878513,723.0,781.0,15.319170831047348,58.0,160,True,True
8252,13611,d571030d2.jpg,3,843.2836566943128,788.0,901.0,30.564398586867828,113.0,160,True,True
5851,15170,ee45a1736.jpg,3,361.7243859904084,330.0,394.0,16.628945921772537,64.0,160,True,True
7249,614,094fd70ea.jpg,3,1267.7426867041413,1250.0,1286.0,10.260817179714524,36.0,160,True,True
7584,13996,dbe2d92ec.jpg,3,1286.5512605042018,1283.0,1289.0,1.5235885076164504,6.0,160,True,True
8468,8093,80f7d7679.jpg,3,1407.138211382114,1400.0,1413.0,3.2891178130066923,13.0,160,True,True
10070,5935,5f0c8d167.jpg,3,1367.9957264957266,1361.0,1375.0,3.434985740335253,14.0,160,True,True
10319,6551,6825de090.jpg,3,1162.0696367232226,1141.0,1186.0,11.247809141111846,45.0,160,True,True
9357,15159,ee0979b81.jpg,3,419.1024791359843,391.0,451.0,16.082237683707124,60.0,160,True,True
10140,2972,2f390008f.jpg,3,969.5499833942212,951.0,988.0,9.368950101498772,37.0,160,True,True
8709,11451,b34f3d4dc.jpg,3,1066.6763808878347,1009.0,1125.0,33.47867989287608,116.0,160,True,True
8430,16214,ffcf72ecf.jpg,3,1157.465909090909,1145.0,1168.0,6.403033484991108,23.0,160,True,True
9744,12010,bb4e89121.jpg,3,830.5183238636364,803.0,860.0,15.914065374253726,57.0,160,True,True
5387,12747,c828ece4b.jpg,3,1202.7715437073775,1189.0,1233.0,9.697927180760246,44.0,160,True,True
6629,6956,6e34351b6.jpg,3,820.4685958566262,814.0,827.0,4.0293746675971525,13.0,160,True,True
6346,4410,472407235.jpg,3,548.5250690880379,538.0,559.0,5.124723832521797,21.0,160,True,True
6899,1587,193eeae52.jpg,3,604.2616279069767,587.0,621.0,8.043888499999065,34.0,160,True,True
9091,4117,428ebe246.jpg,3,1201.340909090909,1197.0,1206.0,2.2354904060120457,9.0,160,True,True
7233,9862,9af9dc45b.jpg,3,1154.7602896341464,1144.0,1166.0,5.970622381580427,22.0,160,True,True
10193,4075,41977e060.jpg,3,684.9571940676179,652.0,771.0,25.964472987865207,119.0,160,True,True
8184,7660,79307aa18.jpg,3,1114.341463414634,1101.0,1128.0,6.07287388492058,27.0,160,True,True
9618,7490,765876b94.jpg,3,1157.8636363636365,1132.0,1182.0,10.670292513910528,50.0,160,True,True
8515,8268,836ccf3b0.jpg,3,1196.0904239549363,1185.0,1205.0,4.806712271611934,20.0,160,True,True
7907,525,0858830b6.jpg,3,419.5895666574662,411.0,431.0,5.122907956297117,20.0,160,True,True
7961,5189,5462fa711.jpg,3,763.0,754.0,772.0,5.212165257037297,18.0,160,True,True
8442,6028,60aca03e2.jpg,3,865.53125,841.0,891.0,13.105449680048672,50.0,160,True,True
7524,7968,7ec4cd778.jpg,3,91.95357985837924,81.0,104.0,6.649140027784262,23.0,160,True,True
10041,13374,d1dc95b58.jpg,3,1378.3843995510665,1318.0,1426.0,30.53234826961716,108.0,160,True,True
10006,4630,4b902c994.jpg,3,274.35140815468685,229.0,312.0,21.51014589437673,83.0,160,True,True
9347,741,0b475b419.jpg,3,1209.4070981210857,1191.0,1240.0,11.135305235401972,49.0,160,True,True
10334,14023,dc4c76517.jpg,3,235.45200892857144,223.0,246.0,6.1580984097146265,23.0,160,True,True
10502,5417,58673aa89.jpg,3,324.1450752062105,315.0,336.0,5.196928445347,21.0,160,True,True
7954,10796,a98f00f6b.jpg,3,1367.057697217258,1336.0,1392.0,13.986763504793,56.0,160,True,True
6410,4448,47b5ab1bd.jpg,3,520.3892617449665,503.0,539.0,9.115534123158842,36.0,160,True,True
10170,1026,0fa3f0dab.jpg,3,844.7267521134443,836.0,853.0,4.317259001303837,17.0,160,True,True
7027,587,09140dda7.jpg,3,1137.538578569876,1127.0,1149.0,5.408450532885517,22.0,160,True,True
6860,5766,5c123ad74.jpg,3,343.42105263157896,293.0,390.0,25.58623782506149,97.0,160,True,True
8825,5409,5852e61b5.jpg,3,477.5083677461421,467.0,488.0,5.329889470262887,21.0,160,True,True
9774,13096,cd940e191.jpg,3,1175.7278177458031,1165.0,1185.0,4.586134695884738,20.0,160,True,True
8506,6782,6bb002045.jpg,3,896.7768673780488,884.0,910.0,6.219555602613163,26.0,160,True,True
10501,9767,990d967ad.jpg,3,479.2322097378277,467.0,489.0,6.220541962568049,22.0,160,True,True
5336,5610,5b077082b.jpg,3,789.3196721311475,777.0,803.0,6.81560375442343,26.0,160,True,True
8592,14359,e12136afc.jpg,3,438.3918918918919,429.0,451.0,5.593958052311024,22.0,160,True,True
8333,12103,bcef3582e.jpg,3,83.8785046728972,77.0,94.0,4.419439856662292,17.0,160,True,True
9985,10735,a88dc13d6.jpg,3,1005.1422812425895,994.0,1014.0,4.998805436017513,20.0,160,True,True
7599,15044,ec921fcc7.jpg,3,648.4372647427855,618.0,669.0,12.9837323773095,51.0,160,True,True
6483,11473,b3ac3189c.jpg,3,812.4794414274631,798.0,828.0,7.940356857661953,30.0,160,True,True
9902,13337,d127abcc8.jpg,3,1198.1473571809931,1188.0,1212.0,6.282601226642435,24.0,160,True,True
5603,13336,d127abcc8.jpg,3,1052.3792877669057,978.0,1108.0,32.656063300396866,130.0,160,True,True
5604,5291,565cfa48c.jpg,3,1214.2709728867624,1199.0,1230.0,7.403549054806105,31.0,160,True,True
9275,10246,a129732b2.jpg,3,664.2097355769231,650.0,678.0,6.274717259996735,28.0,160,True,True
5640,11411,b2461e55e.jpg,3,1230.5171821305842,1217.0,1247.0,7.18894820207044,30.0,160,True,True
5962,6258,639c7495a.jpg,3,869.250458456764,839.0,897.0,16.07379920488086,58.0,160,True,True
6381,7379,74b25b3a2.jpg,3,861.7678703021371,851.0,874.0,6.271749431564609,23.0,160,True,True
6012,5570,5ad537934.jpg,3,485.0857438016529,466.0,509.0,11.339241235732263,43.0,160,True,True
5537,12879,ca82d646f.jpg,3,1332.764445754717,1318.0,1348.0,7.766601819339695,30.0,160,True,True
7059,7552,773948ca6.jpg,3,1201.1551342812006,1184.0,1233.0,9.941516647876703,49.0,160,True,True
10164,13605,d5425f5f5.jpg,3,513.6339066339067,481.0,544.0,17.40379796692407,63.0,160,True,True
10296,12831,c9358e43f.jpg,3,879.7562665579784,869.0,891.0,5.727286676642825,22.0,160,True,True
5546,1791,1c19efedd.jpg,3,656.2255924170616,639.0,672.0,9.135956202778637,33.0,160,True,True
8456,11073,acb2ad63d.jpg,3,352.5,344.0,361.0,4.924428900898052,17.0,160,True,True
6906,15810,fa130006f.jpg,3,925.7623005319148,913.0,939.0,6.866460965949972,26.0,160,True,True
7331,4030,40e52c68b.jpg,3,396.948532731377,382.0,410.0,6.808245324119731,28.0,160,True,True
9458,14011,dc319912e.jpg,3,985.0381508078996,971.0,1000.0,7.987622002694372,29.0,160,True,True
5414,11626,b5730acdd.jpg,3,1297.5618556701031,1290.0,1304.0,3.552085006963467,14.0,160,True,True
10269,6255,63972a7c5.jpg,3,1208.4259067357514,1188.0,1233.0,9.216900017874138,45.0,160,True,True
8249,4872,4ec0d49df.jpg,3,885.5170594741768,862.0,908.0,13.285337715358668,46.0,160,True,True
9948,15954,fc2968239.jpg,3,898.4499847978109,885.0,911.0,7.515950860021936,26.0,160,True,True
7620,6697,6aaead7bb.jpg,3,1254.8116883116884,1247.0,1261.0,3.403148810282665,14.0,160,True,True
5439,7322,73f4fb776.jpg,3,709.5952,693.0,733.0,9.616784127763292,40.0,160,True,True
9396,9988,9ca4a3d92.jpg,3,196.59396485867077,184.0,209.0,6.463016507022156,25.0,160,True,True
6424,1890,1e1f0b7b0.jpg,3,1174.1630695443646,1160.0,1190.0,8.39372523684677,30.0,160,True,True
7785,11265,afb854388.jpg,3,1211.9978768577494,1188.0,1237.0,10.884291180479655,49.0,160,True,True
10142,5319,56bf01513.jpg,3,1460.7396118275367,1399.0,1531.0,30.64094628807317,132.0,160,True,True
6798,12136,bdc4fe767.jpg,3,1419.1370716510903,1401.0,1436.0,9.0462585590389,35.0,160,True,True
6239,1569,1917c9f34.jpg,3,1407.050390625,1397.0,1419.0,5.874118936905526,22.0,160,True,True
7990,8217,82e2cffe0.jpg,3,517.3716752216519,508.0,527.0,4.920623349858082,19.0,160,True,True
7268,307,04ae7853c.jpg,3,1182.9215671122788,1153.0,1218.0,16.48511021237299,65.0,160,True,True
6163,6240,636bad9bd.jpg,3,389.7700323974082,348.0,427.0,21.60590418064732,79.0,160,True,True
10610,15276,f0074b888.jpg,3,177.7398805573988,154.0,200.0,11.853228533241388,46.0,160,True,True
7896,9465,9426ce32a.jpg,3,746.9322699953768,728.0,775.0,11.34166722401953,47.0,160,True,True
6658,11459,b379c8f14.jpg,3,998.5654513888888,983.0,1010.0,6.8170706485119865,27.0,160,True,True
6380,11148,ae3047bf7.jpg,3,659.957974137931,653.0,666.0,3.3191192796334694,13.0,160,True,True
9824,13186,ceab96202.jpg,3,100.64238165680472,76.0,122.0,11.911675427389474,46.0,160,True,True
5597,16193,ff933e271.jpg,3,1362.6532813904705,1353.0,1374.0,5.949287398338517,21.0,160,True,True
6094,4885,4ee570810.jpg,3,790.219401631913,782.0,798.0,4.04009499988658,16.0,160,True,True
10119,16211,ffc9fdf70.jpg,3,1338.3733333333332,1330.0,1346.0,3.665236084559296,16.0,160,True,True
5464,13064,cd634f053.jpg,3,694.140756302521,683.0,703.0,5.31105562447873,20.0,160,True,True
5372,12279,c07b4a53e.jpg,3,1313.1447368421052,1307.0,1321.0,3.878767938433751,14.0,160,True,True
6354,1390,15ece0447.jpg,3,1058.6752577319587,1047.0,1071.0,5.8730299338312015,24.0,160,True,True
9393,2095,215dc201f.jpg,3,1149.966597796143,1137.0,1162.0,6.708274771390927,25.0,160,True,True
6110,12989,cc69501eb.jpg,3,590.5429986492571,583.0,599.0,3.946236138634154,16.0,160,True,True
9576,4560,49e3afca8.jpg,3,712.8521538087126,666.0,761.0,23.08814562910162,95.0,160,True,True
5775,9652,974b07e79.jpg,3,900.4875578703703,886.0,914.0,7.826394403560106,28.0,160,True,True
6276,15859,fa9c1b2e4.jpg,3,1202.8823529411766,1199.0,1207.0,1.9866915923906412,8.0,160,True,True
5725,11094,ad6506c7b.jpg,3,484.949609375,473.0,495.0,5.874118936905527,22.0,160,True,True
8937,2378,259d812b3.jpg,3,1061.0,1051.0,1071.0,5.787918451395113,20.0,160,True,True
8222,11674,b641f8ae5.jpg,3,770.7962962962963,764.0,779.0,3.9971268831019,15.0,160,True,True
5680,652,09c967630.jpg,3,1134.0449464368887,1106.0,1161.0,13.507336629993937,55.0,160,True,True
8154,11225,af33842ad.jpg,3,692.7124335106383,679.0,705.0,6.878873545783281,26.0,160,True,True
6667,7175,718f6439c.jpg,3,1063.8102259670625,999.0,1137.0,33.856849766725915,138.0,160,True,True
6827,6878,6d3f92952.jpg,3,1266.8372340425533,1246.0,1292.0,11.718057387861869,46.0,160,True,True
9936,4038,412fe7f70.jpg,3,1349.3647912885665,1337.0,1361.0,6.06972149009564,24.0,160,True,True
6205,12491,c40a05198.jpg,3,983.80237684493,973.0,996.0,6.026350204307531,23.0,160,True,True
9829,9884,9b668835f.jpg,3,526.0979156568104,469.0,590.0,34.1647814756707,121.0,160,True,True
8586,9076,8f31ce4d8.jpg,3,1255.727152463896,1235.0,1275.0,10.384662706562228,40.0,160,True,True
5808,7961,7eacbdb66.jpg,3,600.6684808329389,574.0,628.0,13.680975194182269,54.0,160,True,True
7379,12463,c3a93c97a.jpg,3,631.0489236790606,622.0,641.0,4.780357090221021,19.0,160,True,True
8295,11374,b1c4d3872.jpg,3,1177.642857142857,1164.0,1193.0,6.628961721370954,29.0,160,True,True
7916,2063,20905c068.jpg,3,325.6160912258473,290.0,367.0,18.57383542060657,77.0,160,True,True
9544,1950,1ef476f3c.jpg,3,1347.216535433071,1335.0,1357.0,4.805299957527663,22.0,160,True,True
8811,1341,150cadc70.jpg,3,1155.1701474926251,1135.0,1172.0,9.81387042815452,37.0,160,True,True
9754,3100,3158e73b2.jpg,3,732.024088013897,715.0,749.0,9.823603387747182,34.0,160,True,True
9642,4579,4ab8a2a13.jpg,3,1158.8184956395348,1148.0,1172.0,6.336833956903456,24.0,160,True,True
9580,9181,905328741.jpg,3,615.7447751741608,591.0,646.0,14.238272384794495,55.0,160,True,True
10093,9971,9c850bf6c.jpg,3,1209.5795454545455,1206.0,1216.0,2.5616116682360297,10.0,160,True,True
7442,5748,5bdf24fa3.jpg,3,935.2965592572364,925.0,950.0,5.740994815919763,25.0,160,True,True
6301,12868,ca492d6f1.jpg,3,610.9972067039106,602.0,620.0,5.2121645085476365,18.0,160,True,True
7901,1841,1d28002da.jpg,3,456.49011532125206,446.0,467.0,5.55920518241386,21.0,160,True,True
7778,10155,9fed72af4.jpg,3,904.9293708992668,890.0,921.0,8.902290078292625,31.0,160,True,True
8142,7538,76ff61cb4.jpg,3,1181.143425574245,1155.0,1206.0,12.874024508958572,51.0,160,True,True
5793,4370,464987349.jpg,3,1149.6737668161436,1139.0,1158.0,5.154568932351252,19.0,160,True,True
8855,10425,a3d5e7319.jpg,3,1307.6305732484077,1299.0,1317.0,4.3056571055852455,18.0,160,True,True
5804,1320,1473a83e2.jpg,3,1237.6968162083936,1214.0,1266.0,12.24291734343313,52.0,160,True,True
6861,15272,efe30162b.jpg,3,857.9737609329446,843.0,873.0,8.377296563423933,30.0,160,True,True
9779,2226,23120f506.jpg,3,1040.732181425486,1032.0,1049.0,4.795033689678869,17.0,160,True,True
6686,6770,6b92f5221.jpg,3,1191.0112359550562,1183.0,1200.0,4.611890791710303,17.0,160,True,True
8921,5537,5a6a8196b.jpg,3,850.4823190789474,840.0,860.0,5.530427188294837,20.0,160,True,True
5458,5299,567e1f981.jpg,3,1156.6,1153.0,1161.0,2.051016008388688,8.0,160,True,True
10111,7967,7ec4cd778.jpg,3,1426.230720942585,1366.0,1486.0,27.95099256183523,120.0,160,True,True
5340,1459,16b8b50af.jpg,3,549.3751205400193,540.0,561.0,5.085629166696088,21.0,160,True,True
7062,8830,8be1d2178.jpg,3,795.2037037037037,787.0,802.0,3.9971268831019,15.0,160,True,True
6976,7510,7690902ee.jpg,3,386.0237247924081,372.0,400.0,6.837074071228048,28.0,160,True,True
7536,16103,fe7b99496.jpg,3,344.1177908113392,319.0,369.0,11.675613363616092,50.0,160,True,True
5586,1495,179f00d93.jpg,3,241.01315789473685,232.0,251.0,5.499984260868943,19.0,160,True,True
6843,15639,f6c5aad59.jpg,3,204.5115734232968,173.0,231.0,12.514942135491175,58.0,160,True,True
9122,11457,b35ab5606.jpg,3,1156.4884708737864,1150.0,1163.0,3.775462177279,13.0,160,True,True
8595,2830,2cca3ddab.jpg,3,1229.2031422271225,1213.0,1243.0,8.291948981410323,30.0,160,True,True
7549,8423,856f0b6bd.jpg,3,173.20198541329012,162.0,183.0,5.6985244426189805,21.0,160,True,True
9937,1703,1ad82d66a.jpg,3,1414.553042763158,1405.0,1426.0,5.590617046916788,21.0,160,True,True
6950,15424,f32bb5699.jpg,3,311.71923743500867,304.0,320.0,4.051342175373594,16.0,160,True,True
8532,16004,fd2a53b9a.jpg,3,343.4521044992743,330.0,352.0,5.376263854760834,22.0,160,True,True
5653,304,04a4777e9.jpg,3,1177.2275152439024,1166.0,1187.0,5.949616116670321,21.0,160,True,True
9761,8220,82e82b713.jpg,3,553.9237250554323,537.0,571.0,8.783851356924673,34.0,160,True,True
9944,4436,4787645e5.jpg,3,690.0117416829746,677.0,703.0,7.517485104038231,26.0,160,True,True
5558,15835,fa80cdac8.jpg,3,239.1084179495578,216.0,259.0,10.594344195918747,43.0,160,True,True
9132,16042,fdaaaf9d9.jpg,3,227.47110589615724,219.0,235.0,4.153952972174117,16.0,160,True,True
6422,767,0b8775632.jpg,3,109.2608173076923,99.0,120.0,5.684627265927024,21.0,160,True,True
7654,5858,5d8c2d90e.jpg,3,1258.1101759755163,1241.0,1281.0,7.82097579113849,40.0,160,True,True
10121,6425,664c8105a.jpg,3,1038.308092948718,1029.0,1050.0,5.721328899475709,21.0,160,True,True
5534,3585,397c6e139.jpg,3,1421.9272300469484,1411.0,1435.0,6.602521948712372,24.0,160,True,True
7273,7779,7b5037360.jpg,3,1201.950819672131,1198.0,1207.0,2.286282898521533,9.0,160,True,True
5729,13814,d8254a8ee.jpg,3,454.1066788655078,437.0,470.0,7.2091586334008975,33.0,160,True,True
6155,6775,6b9b11301.jpg,3,886.2933985330073,877.0,896.0,5.0515175226133024,19.0,160,True,True
8799,15966,fc70bf091.jpg,3,479.498687664042,471.0,489.0,5.210885036363908,18.0,160,True,True
8231,14067,dcf78e7eb.jpg,3,1396.4957698815567,1385.0,1404.0,5.047278911183965,19.0,160,True,True
6003,15282,f02c1a600.jpg,3,571.229349112426,560.0,586.0,5.788189581345777,26.0,160,True,True
8474,15662,f71c37a0f.jpg,3,1307.043611323642,1296.0,1318.0,6.099521942954449,22.0,160,True,True
9009,7347,74443f387.jpg,3,728.9221754807693,713.0,742.0,7.649665407336878,29.0,160,True,True
6145,10747,a8fcfff62.jpg,3,1289.261421319797,1276.0,1303.0,7.938267572819916,27.0,160,True,True
10360,9918,9bf40dacc.jpg,3,738.6984207845135,726.0,748.0,5.535623764837521,22.0,160,True,True
7910,2365,25337cb38.jpg,3,1239.099220411056,1229.0,1252.0,4.8818869391644,23.0,160,True,True
6317,7456,7604be5f3.jpg,3,931.492438563327,927.0,936.0,2.0652035488109584,9.0,160,True,True
9848,3828,3d40be6af.jpg,3,1190.888888888889,1184.0,1197.0,3.541639433446495,13.0,160,True,True
10473,14882,ea2ebb194.jpg,3,823.012707948244,814.0,833.0,5.000145586208713,19.0,160,True,True
9411,7365,746863c8f.jpg,3,885.484616610872,872.0,898.0,7.252662296992817,26.0,160,True,True
9915,12407,c2ad68694.jpg,3,1187.6935483870968,1183.0,1192.0,2.4269236445943143,9.0,160,True,True
8861,16222,ffffd67df.jpg,3,131.00709919148096,120.0,142.0,5.847866599399077,22.0,160,True,True
5658,1901,1e7b96509.jpg,3,559.9928057553957,542.0,581.0,8.801232183165853,39.0,160,True,True
6232,15613,f66a9a7f3.jpg,3,281.74586709886546,275.0,290.0,3.806620514638536,15.0,160,True,True
8688,7960,7eacbdb66.jpg,3,1308.995109564563,1284.0,1335.0,13.315195707350329,51.0,160,True,True
6233,1944,1ed75107a.jpg,3,1368.267208413002,1322.0,1408.0,19.903791428759163,86.0,160,True,True
6028,4085,41d7a39dc.jpg,3,1228.5145691258524,1220.0,1241.0,4.90106126300683,21.0,160,True,True
9675,8100,81137ae8b.jpg,3,611.2293074324324,600.0,622.0,5.506349454733823,22.0,160,True,True
7228,4315,45b362a50.jpg,3,1194.8907766990292,1181.0,1207.0,5.838041663494685,26.0,160,True,True
6868,3839,3d4ac6276.jpg,3,1392.8066860465117,1381.0,1411.0,7.11311117905655,30.0,160,True,True
6519,3936,3fb78d513.jpg,3,1363.4191374663071,1342.0,1381.0,10.278422883590425,39.0,160,True,True
9700,9668,977eee415.jpg,3,869.2128285602197,841.0,898.0,15.372082429053084,57.0,160,True,True
9013,11817,b868c43ca.jpg,3,1279.8230852211434,1257.0,1311.0,12.274971362284836,54.0,160,True,True
6041,16099,fe6f8e502.jpg,3,519.6476449275362,503.0,539.0,8.992344463285828,36.0,160,True,True
7501,1111,10e429bfc.jpg,3,433.316289527125,387.0,471.0,18.51231891610546,84.0,160,True,True
9789,11274,afd3f856d.jpg,3,1147.3565627456117,1137.0,1155.0,4.575329903546089,18.0,160,True,True
8035,10100,9ed47c324.jpg,3,678.1054815461891,668.0,690.0,5.435038999111104,22.0,160,True,True
9021,15241,ef21b3e57.jpg,3,1059.7067708333334,1043.0,1076.0,7.305602586769689,33.0,160,True,True
8584,9928,9c024e0ba.jpg,3,926.7151162790698,917.0,935.0,5.088594751287412,18.0,160,True,True
6136,5554,5a8203514.jpg,3,132.0,120.0,144.0,6.940220937885671,24.0,160,True,True
6040,2463,2744b6b26.jpg,3,1079.2333522727272,1007.0,1149.0,39.732205581280994,142.0,160,True,True
9684,11425,b29f4c4ed.jpg,3,182.02799479166663,169.0,196.0,7.036308190969623,27.0,160,True,True
10577,13966,db7670e3e.jpg,3,1193.238805970149,1185.0,1203.0,4.64701119023329,18.0,160,True,True
5413,4550,49cf406c7.jpg,3,88.06115357887421,78.0,99.0,5.133696776071241,21.0,160,True,True
9690,16016,fd5de08ea.jpg,3,666.8094070441373,657.0,676.0,5.244363958242508,19.0,160,True,True
6218,11247,af6441bac.jpg,3,914.5548076923076,897.0,932.0,9.441514095978262,35.0,160,True,True
7547,4084,41bbe4edd.jpg,3,1191.8277817150956,1165.0,1217.0,12.477255024766484,52.0,160,True,True
8074,12853,c9d24ef83.jpg,3,1325.157894736842,1316.0,1335.0,4.460238731184566,19.0,160,True,True
8673,15533,f52e7d092.jpg,3,951.1091006807596,940.0,963.0,6.37908169028187,23.0,160,True,True
10504,3851,3da31ea30.jpg,3,1351.02303976217,1337.0,1366.0,6.77044563173668,29.0,160,True,True
7302,2794,2c56741a3.jpg,3,552.9850310332238,540.0,564.0,5.71497735301206,24.0,160,True,True
10434,11828,b87a1d850.jpg,3,1165.4940219029438,1114.0,1217.0,25.037393704674614,103.0,160,True,True
5779,11008,ac4ba5c1a.jpg,3,1389.486033519553,1385.0,1395.0,2.49548764146586,10.0,160,True,True
10148,13273,cff9230ae.jpg,3,868.4781818181818,862.0,875.0,3.7748541649899736,13.0,160,True,True
10340,2022,2019417e0.jpg,3,1043.926695478723,1032.0,1060.0,7.092857143478833,28.0,160,True,True
5746,8281,8399a4300.jpg,3,1280.8775510204082,1274.0,1287.0,3.532450074142377,13.0,160,True,True
8678,7190,71b815a2d.jpg,3,219.5,209.0,230.0,5.809877184347038,21.0,160,True,True
7200,10722,a831d2806.jpg,3,706.1985203452527,681.0,731.0,10.48126966737403,50.0,160,True,True
9064,11580,b4efa00f7.jpg,3,1177.0,1177.0,1177.0,0.0,0.0,160,True,True
7033,9957,9c522d453.jpg,3,709.5851153629714,693.0,727.0,8.342599937700024,34.0,160,True,True
9186,11629,b5730acdd.jpg,3,1312.348148148148,1306.0,1319.0,3.417424888266166,13.0,160,True,True
8689,4476,484439824.jpg,3,554.8664093810302,516.0,591.0,16.070535153201202,75.0,160,True,True
8941,2449,271551c4f.jpg,3,741.4990276157138,698.0,786.0,24.150070060440186,88.0,160,True,True
9987,9400,9341d848d.jpg,3,1180.2308520455244,1165.0,1195.0,7.538728991119685,30.0,160,True,True
6480,339,0534f1b45.jpg,3,1222.901012373453,1214.0,1235.0,5.320471012842478,21.0,160,True,True
5486,1548,1860df762.jpg,3,717.5093179276929,707.0,728.0,6.076463855719456,21.0,160,True,True
7788,2672,2a351164a.jpg,3,596.4391408114559,585.0,607.0,5.407396027625814,22.0,160,True,True
8975,4031,40e52c68b.jpg,3,602.6772908366534,577.0,628.0,14.871096491325885,51.0,160,True,True
8977,7226,7220aba6c.jpg,3,687.2199285430727,676.0,700.0,5.984569266715311,24.0,160,True,True
7285,4061,41632c229.jpg,3,480.3499623965906,441.0,523.0,20.41177662139935,82.0,160,True,True
7881,6204,6320ec8c6.jpg,3,492.0694633152174,481.0,506.0,6.752246374195702,25.0,160,True,True
10401,8140,81b4bf91a.jpg,3,1291.334214235377,1276.0,1308.0,7.689776529379232,32.0,160,True,True
7366,10119,9efc6682e.jpg,3,1501.625514403292,1497.0,1508.0,2.715035975049777,11.0,160,True,True
6740,15162,ee0f815a0.jpg,3,739.7547169811321,727.0,753.0,7.652612478761029,26.0,160,True,True
6203,413,06b384e78.jpg,3,1123.761356314433,1097.0,1151.0,14.130939982326812,54.0,160,True,True
8968,8807,8b9681587.jpg,3,106.18376449598571,75.0,132.0,14.438220677668165,57.0,160,True,True
7747,6745,6b4d25284.jpg,3,1340.914893617021,1339.0,1343.0,1.2854304227228266,4.0,160,True,True
5798,5983,5ff129eb1.jpg,3,676.3815922920893,667.0,687.0,4.737123670485504,20.0,160,True,True
10309,2348,24fce7ae0.jpg,3,676.114791403287,668.0,684.0,4.556649597091265,16.0,160,True,True
5708,957,0eae06feb.jpg,3,1388.398717948718,1373.0,1405.0,7.682063584769855,32.0,160,True,True
10290,15765,f94569eb5.jpg,3,1192.103448275862,1187.0,1198.0,2.708159160837498,11.0,160,True,True
9343,7011,6eda6852e.jpg,3,1273.2519596864502,1265.0,1281.0,4.76764819213091,16.0,160,True,True
6820,15234,eef2cc092.jpg,3,1148.6906862745095,1125.0,1182.0,13.384103517980114,57.0,160,True,True
6397,10724,a835a0e50.jpg,3,460.5694964627549,435.0,477.0,10.664055237658271,42.0,160,True,True
8569,9809,99bc6c5c2.jpg,3,285.9371428571429,267.0,306.0,9.094679314672655,39.0,160,True,True
9573,2244,238d6df92.jpg,3,1063.6144103574445,1057.0,1073.0,4.225815019380078,16.0,160,True,True
8275,14946,eaf7443a7.jpg,3,286.49319971367214,276.0,298.0,6.362677805759121,22.0,160,True,True
5884,223,0360edfb8.jpg,3,979.967098842883,948.0,1006.0,14.81169614122842,58.0,160,True,True
5733,8214,82d728afa.jpg,3,244.1518956773726,217.0,279.0,15.016705320771251,62.0,160,True,True
9922,4602,4b09a3911.jpg,3,808.55,776.0,850.0,18.0662472872696,74.0,160,True,True
7955,7369,748dffce7.jpg,3,1171.2807570977918,1163.0,1182.0,4.367940493947248,19.0,160,True,True
9488,5376,57c594518.jpg,3,219.54100827689996,202.0,236.0,7.915088079068026,34.0,160,True,True
9251,744,0b475b419.jpg,3,1332.112426035503,1324.0,1341.0,4.0006389321995846,17.0,160,True,True
6362,5341,5727d7f96.jpg,3,1313.4572472594398,1290.0,1345.0,12.304646408511598,55.0,160,True,True
8628,1182,12234aab8.jpg,3,767.0449522382469,756.0,778.0,6.371045835275321,22.0,160,True,True
8796,15308,f10f625fd.jpg,3,663.436214953271,653.0,672.0,5.052078934584428,19.0,160,True,True
6651,4723,4cccbe396.jpg,3,1126.53389709044,1075.0,1178.0,25.653830040534267,103.0,160,True,True
6284,7908,7db22f39a.jpg,3,503.82853345148425,495.0,515.0,5.210102420622236,20.0,160,True,True
8395,8312,83eb3fd63.jpg,3,1352.9331941544883,1316.0,1399.0,20.64806562909137,83.0,160,True,True
9593,6363,653eb7e80.jpg,3,1074.0915284625728,1040.0,1106.0,14.258746006949416,66.0,160,True,True
8444,11123,addd390e9.jpg,3,1156.2598925256473,1145.0,1168.0,5.58273636955367,23.0,160,True,True
9783,11519,b41ab39a5.jpg,3,1419.6029143897997,1401.0,1436.0,8.848804405772253,35.0,160,True,True
10594,11735,b6c0a38e9.jpg,3,1085.7435897435898,1076.0,1095.0,5.632861224571347,19.0,160,True,True
6433,1017,0f65a99d2.jpg,3,1293.8639396259434,1265.0,1337.0,15.43749942807394,72.0,160,True,True
8291,12139,bdd1c7fa8.jpg,3,1209.834036185553,1195.0,1225.0,8.531850942131996,30.0,160,True,True
5949,3773,3c9b7b316.jpg,3,1182.523560209424,1173.0,1191.0,4.380850749968007,18.0,160,True,True
6408,16057,fdb8a4e70.jpg,3,820.8982263513514,810.0,834.0,5.714693031892883,24.0,160,True,True
6105,900,0d99ab39c.jpg,3,1175.87353515625,1165.0,1184.0,4.848447601376681,19.0,160,True,True
7711,6713,6ac1d05d3.jpg,3,1298.8737684729065,1287.0,1314.0,6.761376225200789,27.0,160,True,True
5837,11652,b5cdb72ff.jpg,3,1143.4435483870968,1126.0,1162.0,8.430846282054217,36.0,160,True,True
9524,7209,71f687e7d.jpg,3,1279.2714285714285,1269.0,1290.0,5.22609230843912,21.0,160,True,True
7709,481,0803acf1f.jpg,3,1205.4917355371902,1180.0,1230.0,11.49032713411884,50.0,160,True,True
7399,2853,2d8cef5f6.jpg,3,438.5176809210527,429.0,449.0,5.530427188294837,20.0,160,True,True
7043,6772,6b92f5221.jpg,3,1189.0958904109589,1183.0,1195.0,3.0438097233279646,12.0,160,True,True
6222,2350,250107a1b.jpg,3,633.7865200628302,620.0,648.0,7.934274558212039,28.0,160,True,True
8294,13572,d4f486ee1.jpg,3,643.1519434628975,620.0,672.0,13.08854142819786,52.0,160,True,True
9967,11084,ace8c1151.jpg,3,673.9165103189493,664.0,685.0,5.816258623029805,21.0,160,True,True
9871,2867,2dbd01639.jpg,3,244.6029833620195,228.0,258.0,8.07350285546199,30.0,160,True,True
6184,1234,12ee58841.jpg,3,1106.284071305348,1097.0,1117.0,5.414485967761673,20.0,160,True,True
5561,15547,f5b46c3c1.jpg,3,511.7623005319149,499.0,525.0,6.866460965949972,26.0,160,True,True
6741,7665,794ab5277.jpg,3,476.2608108108108,466.0,488.0,6.23451200039958,22.0,160,True,True
9310,15706,f7fc733a7.jpg,3,645.4874893617022,631.0,663.0,7.392299967065616,32.0,160,True,True
10152,9718,984c6e129.jpg,3,616.788810483871,606.0,628.0,4.98341562046973,22.0,160,True,True
9102,5954,5f5e1e310.jpg,3,849.7218276515151,839.0,860.0,5.033273461222578,21.0,160,True,True
10570,14881,ea2ebb194.jpg,3,785.2931034482758,778.0,794.0,4.279093606448301,16.0,160,True,True
9517,4155,431234941.jpg,3,746.7695053807947,709.0,787.0,21.832539380248928,78.0,160,True,True
9538,8395,84d30fb77.jpg,3,419.9293248945148,398.0,441.0,10.464439722237914,43.0,160,True,True
10396,2400,260ee2f59.jpg,3,693.2356999646184,658.0,727.0,19.23139967689143,69.0,160,True,True
9023,6015,6081f6677.jpg,3,287.740863329196,272.0,302.0,8.275677660385035,30.0,160,True,True
10446,15894,fb208afce.jpg,3,1117.0197572006666,1106.0,1129.0,6.135100431805659,23.0,160,True,True
6101,6291,64261b3f7.jpg,3,791.546875,784.0,801.0,4.690181524672046,17.0,160,True,True
7531,6544,681af7b91.jpg,3,1283.6159301691216,1268.0,1296.0,7.261073896423989,28.0,160,True,True
7426,6850,6c9f54be2.jpg,3,1119.4248132086316,1044.0,1196.0,43.59336054324114,152.0,160,True,True
9786,9818,9a064450d.jpg,3,1422.425613866153,1408.0,1439.0,8.447115421937038,31.0,160,True,True
5723,4866,4ebff3a81.jpg,3,1103.6692807528568,1092.0,1114.0,5.32333143648001,22.0,160,True,True
10189,10128,9f2b5e50a.jpg,3,514.4289012003693,504.0,523.0,5.025904768023138,19.0,160,True,True
5506,10522,a5aa4829b.jpg,3,654.7726453937211,639.0,671.0,8.838803936019328,32.0,160,True,True
9853,11178,aea1eb689.jpg,3,168.63417002618957,102.0,239.0,38.57361896087606,137.0,160,True,True
9194,1262,135a4b191.jpg,3,1309.121061359867,1290.0,1321.0,7.487320683182917,31.0,160,True,True
9159,4483,4857d0687.jpg,3,851.3918918918919,842.0,864.0,5.593958052311024,22.0,160,True,True
9426,9936,9c1c7f69c.jpg,3,1094.1506642512077,1075.0,1116.0,10.4071669514285,41.0,160,True,True
8790,13202,cede14189.jpg,3,432.7248293515359,422.0,442.0,5.415363168553852,20.0,160,True,True
9436,2900,2e12e1c6a.jpg,3,1298.1603053435117,1290.0,1306.0,4.30305553411365,16.0,160,True,True
10445,2933,2e84c0c34.jpg,3,1191.5644415069398,1170.0,1224.0,12.151879978611918,54.0,160,True,True
7754,8926,8d36899b1.jpg,3,1487.2459821428572,1460.0,1514.0,15.176135477238288,54.0,160,True,True
8918,9865,9b2801e98.jpg,3,1308.247191011236,1296.0,1324.0,7.181615467554241,28.0,160,True,True
9080,4608,4b286bf39.jpg,3,1153.7820512820513,1144.0,1165.0,5.698959499942559,21.0,160,True,True
7370,13801,d812de018.jpg,3,1366.047393364929,1358.0,1374.0,3.7628302260026314,16.0,160,True,True
9706,13488,d37c88411.jpg,3,1024.5667009602196,1013.0,1039.0,7.036550340460868,26.0,160,True,True
7167,4875,4ecf05db6.jpg,3,1144.81512605042,1135.0,1157.0,6.006665542783153,22.0,160,True,True
10602,8898,8cfdc1069.jpg,3,694.7365241635688,685.0,703.0,5.02343990840506,18.0,160,True,True
7635,14336,e07f3f1b3.jpg,3,804.3942259830761,794.0,814.0,5.786468012220221,20.0,160,True,True
9028,7932,7e0e39e4c.jpg,3,1516.274740484429,1494.0,1539.0,12.587903459828668,45.0,160,True,True
8378,10780,a9414f90f.jpg,3,921.4730650154798,902.0,941.0,10.988686695457409,39.0,160,True,True
9980,7166,7155ea2e8.jpg,3,435.5139433551198,427.0,445.0,5.212240654619809,18.0,160,True,True
9521,16213,ffcf72ecf.jpg,3,485.027514521553,476.0,494.0,4.708615067337438,18.0,160,True,True
8414,3879,3e2c33124.jpg,3,1352.102441613588,1261.0,1392.0,29.843219981989908,131.0,160,True,True
8330,10808,a9b327adb.jpg,3,785.9217910447761,757.0,819.0,16.858405133874033,62.0,160,True,True
10424,3816,3d2df482c.jpg,3,1367.7727272727273,1365.0,1371.0,1.6768969768815198,6.0,160,True,True
7171,10996,ac172af5a.jpg,3,657.7286112216474,642.0,673.0,8.551760573605632,31.0,160,True,True
8504,14861,e9d0de676.jpg,3,217.388573456352,197.0,237.0,9.422228675309665,40.0,160,True,True
10485,6791,6bd0ca419.jpg,3,712.2793553338449,703.0,721.0,4.790065612160291,18.0,160,True,True
5535,5198,549613483.jpg,3,1201.2792792792793,1173.0,1222.0,10.967468552383846,49.0,160,True,True
10487,14471,e3c8b3a70.jpg,3,1064.0615796519412,1055.0,1075.0,5.599192824789209,20.0,160,True,True
9658,440,06f52f4dd.jpg,3,269.5083209509658,218.0,333.0,27.670417615199025,115.0,160,True,True
9701,1229,12dd3899c.jpg,3,979.7555919258048,973.0,988.0,4.229085452651293,15.0,160,True,True
7279,14679,e70c4768b.jpg,3,885.2783337841493,856.0,925.0,20.174779052557756,69.0,160,True,True
9992,5827,5cf1c8814.jpg,3,921.6911060569788,885.0,957.0,19.1358167524749,72.0,160,True,True
8695,12002,bb2975da4.jpg,3,1422.2029746281714,1404.0,1438.0,9.183313916755187,34.0,160,True,True
6761,7239,72613a1e3.jpg,3,1425.6275510204082,1416.0,1433.0,4.19049655165563,17.0,160,True,True
8293,2008,1fcecb643.jpg,3,1333.6161616161617,1328.0,1338.0,2.710648924158537,10.0,160,True,True
9355,4052,415252307.jpg,3,605.8163618864293,595.0,619.0,6.107519296853243,24.0,160,True,True
5960,2055,207d87ea7.jpg,3,654.9023024268824,646.0,663.0,3.952082425171026,17.0,160,True,True
7051,8410,850058ea8.jpg,3,1040.2655884230687,1030.0,1051.0,5.445439209298787,21.0,160,True,True
6327,10933,aaf12ddee.jpg,3,1176.7550765385818,1166.0,1189.0,6.027065374448937,23.0,160,True,True
6964,9371,92fb94f69.jpg,3,668.044665012407,651.0,683.0,7.272129063491046,32.0,160,True,True
5555,5637,5b188752b.jpg,3,903.481210115812,865.0,932.0,16.6638194257778,67.0,160,True,True
7532,9063,8edd818de.jpg,3,909.3548931383576,895.0,921.0,6.3733837256350645,26.0,160,True,True
8166,2883,2decb23b0.jpg,3,1190.9631519274376,1169.0,1219.0,12.175902860712906,50.0,160,True,True
9283,4801,4dbe12a7b.jpg,3,644.2590966122962,638.0,651.0,3.6493062453323777,13.0,160,True,True
9850,3772,3c9b7b316.jpg,3,1188.5223568742165,1175.0,1207.0,7.611685594376772,32.0,160,True,True
9376,11099,ad6506c7b.jpg,3,134.48400297619048,123.0,145.0,6.103470181945342,22.0,160,True,True
9612,5079,5256faa06.jpg,3,879.4495806514531,864.0,897.0,8.536852231970826,33.0,160,True,True
6107,6426,66574a641.jpg,3,1445.0335684748236,1416.0,1473.0,15.01737716831538,57.0,160,True,True
6112,15291,f0a08a10c.jpg,3,466.2633794347565,450.0,481.0,8.813039040548528,31.0,160,True,True
8153,1607,196e624f5.jpg,3,1157.2260236578709,1145.0,1171.0,7.130159688417493,26.0,160,True,True
6922,7827,7c159d683.jpg,3,1169.246153846154,1153.0,1185.0,9.384161401377357,32.0,160,True,True
6531,8158,81fa665da.jpg,3,327.1252759381899,294.0,367.0,18.086476146698512,73.0,160,True,True
6560,13676,d65b30b32.jpg,3,1453.8381642512077,1406.0,1502.0,25.4099453084334,96.0,160,True,True
9168,11001,ac461b596.jpg,3,641.06298828125,633.0,651.0,4.743821769040777,18.0,160,True,True
9578,7777,7b5037360.jpg,3,1200.2086330935251,1194.0,1208.0,3.3767610809403945,14.0,160,True,True
6612,9081,8f567296c.jpg,3,1221.1934653974788,1198.0,1250.0,13.001281467198622,52.0,160,True,True
8382,7634,78adb31b9.jpg,3,669.1659162914791,655.0,682.0,6.945893866340335,27.0,160,True,True
6845,6118,620f810e7.jpg,3,792.8798813643104,779.0,805.0,7.01308046885556,26.0,160,True,True
8742,12100,bcef3582e.jpg,3,269.26685290902464,252.0,295.0,11.67379578785526,43.0,160,True,True
6309,6866,6ce526a3a.jpg,3,1174.3068792879658,1163.0,1187.0,6.311599680013948,24.0,160,True,True
6668,10412,a39b0ef7e.jpg,3,89.81005586592178,82.0,103.0,5.533817769228063,21.0,160,True,True
8859,11616,b55ffe803.jpg,3,1131.3546824542518,1059.0,1206.0,42.15406455344515,147.0,160,True,True
9222,10145,9fac588ab.jpg,3,751.7258522727273,737.0,770.0,8.496246621891038,33.0,160,True,True
6054,1060,102ac71fd.jpg,3,1108.7203714622642,1091.0,1126.0,8.136716377000715,35.0,160,True,True
7384,4273,44bddb2d2.jpg,3,1241.6965259386195,1228.0,1256.0,7.380378365310779,28.0,160,True,True
7655,9895,9bba9fd75.jpg,3,1358.455830388693,1344.0,1374.0,7.344428401906939,30.0,160,True,True
9972,8427,856f0b6bd.jpg,3,1074.655172413793,1062.0,1088.0,5.7054200018569405,26.0,160,True,True
8627,14562,e57efd4b4.jpg,3,1257.2098630136986,1226.0,1281.0,12.612466597770036,55.0,160,True,True
8998,2207,22bd428e0.jpg,3,86.82093482554312,67.0,108.0,10.195433741248292,41.0,160,True,True
5395,9623,9663d6a79.jpg,3,1348.4550641940086,1339.0,1363.0,5.715289018257339,24.0,160,True,True
8110,11341,b12e436c3.jpg,3,1297.7428400954657,1267.0,1326.0,15.83127206096544,59.0,160,True,True
6745,15740,f8af268c6.jpg,3,1027.962818003914,1004.0,1053.0,13.753191662456212,49.0,160,True,True
9697,887,0d3edfec6.jpg,3,731.8443051201672,723.0,742.0,4.5135117549965535,19.0,160,True,True
9921,15176,ee65fc6d8.jpg,3,1334.1248439450687,1316.0,1360.0,9.118687210137267,44.0,160,True,True
7058,14192,dee367c77.jpg,3,1311.7765343468468,1284.0,1342.0,16.072526834480758,58.0,160,True,True
10179,14762,e831de714.jpg,3,950.525583386855,907.0,999.0,21.71951310640681,92.0,160,True,True
9910,10580,a634d3a24.jpg,3,1500.8216391509434,1487.0,1517.0,7.799410575937909,30.0,160,True,True
6642,10196,a08573f08.jpg,3,213.83644859813083,202.0,223.0,5.474356404341096,21.0,160,True,True
10371,15781,f97db2626.jpg,3,1194.8461538461538,1192.0,1197.0,1.2616322666812865,5.0,160,True,True
7336,12702,c7adf7112.jpg,3,486.6294691224269,474.0,499.0,7.229654715277509,25.0,160,True,True
10242,10814,a9cee6edb.jpg,3,617.8450310736074,581.0,658.0,19.96268369245845,77.0,160,True,True
7739,8319,83f82db15.jpg,3,1245.2560975609756,1235.0,1256.0,5.942429033631798,21.0,160,True,True
7393,6510,67a174dc4.jpg,3,1125.9735810113518,1115.0,1136.0,5.56805384363929,21.0,160,True,True
5451,13212,cef371355.jpg,3,690.3310875842155,680.0,703.0,6.056972522763407,23.0,160,True,True
9756,6427,6666f7f16.jpg,3,1041.8176048565122,1028.0,1058.0,8.290953553095028,30.0,160,True,True
7543,7774,7b5037360.jpg,3,1214.4814814814815,1208.0,1221.0,3.0514562850438494,13.0,160,True,True
5622,13134,ce11ffd78.jpg,3,568.238597972973,558.0,578.0,5.3989172519848525,20.0,160,True,True
8658,11407,b23512d3b.jpg,3,698.4875,688.0,708.0,5.787904953435224,20.0,160,True,True
9950,3463,37782387c.jpg,3,1359.0,1359.0,1359.0,0.0,0.0,160,True,True
8141,653,09d4ee8a5.jpg,3,313.7823774488077,292.0,337.0,12.860687456652917,45.0,160,True,True
7471,8854,8c504c51c.jpg,3,627.7246462264151,620.0,635.0,3.97600481157112,15.0,160,True,True
10303,6207,632133372.jpg,3,1151.868,1147.0,1156.0,2.435277396930379,9.0,160,True,True
6490,14263,dfe79ed0f.jpg,3,320.9379198805673,286.0,343.0,13.911326642703436,57.0,160,True,True
10316,7855,7c77632e8.jpg,3,457.3440111420613,438.0,475.0,9.48375162652022,37.0,160,True,True
8331,4148,42ef7e425.jpg,3,534.2497850386931,509.0,555.0,10.274852949566675,46.0,160,True,True
5792,13066,cd634f053.jpg,3,1200.495736906212,1194.0,1205.0,2.6314955199167547,11.0,160,True,True
8437,15881,faea44200.jpg,3,1212.8067910090865,1203.0,1225.0,6.008201932988058,22.0,160,True,True
8711,12441,c357d41a1.jpg,3,176.4873417721519,164.0,188.0,6.675696743292464,24.0,160,True,True
7701,2179,2276b004c.jpg,3,1172.302691814686,1162.0,1185.0,6.290278021551442,23.0,160,True,True
6602,5114,52faeb955.jpg,3,711.3810550342379,643.0,784.0,36.56204089063582,141.0,160,True,True
7209,1609,198252b95.jpg,3,456.5,445.0,468.0,5.485977536883701,23.0,160,True,True
8457,1921,1e954c608.jpg,3,337.5405303030303,269.0,407.0,36.894924834002,138.0,160,True,True
10565,11571,b4d920147.jpg,3,308.94068965517243,292.0,327.0,8.027921073712362,35.0,160,True,True
5893,6412,65eed1612.jpg,3,139.57596764875794,126.0,154.0,7.953386739755174,28.0,160,True,True
8720,12129,bd99469d2.jpg,3,95.64303544682976,59.0,129.0,17.820928901487537,70.0,160,True,True
8346,415,06d0fbb0c.jpg,3,652.2962406015038,639.0,667.0,7.210543721117083,28.0,160,True,True
9109,7269,7329b8668.jpg,3,894.8198244708312,888.0,903.0,3.784469441302553,15.0,160,True,True
7892,8698,8a2a8a476.jpg,3,1157.839622641509,1150.0,1165.0,4.104238849041901,15.0,160,True,True
9402,8670,89b4f62f1.jpg,3,688.2521994134897,672.0,707.0,9.704174336923636,35.0,160,True,True
10495,10176,a02fe46b6.jpg,3,788.7153312066054,721.0,851.0,32.22190708506,130.0,160,True,True
10010,11967,babc63c5b.jpg,3,1225.8591549295777,1222.0,1230.0,2.4569291186981124,8.0,160,True,True
5933,10706,a8241cf3d.jpg,3,1058.7216038451809,1040.0,1075.0,9.218681812857753,35.0,160,True,True
8705,14268,dfe79ed0f.jpg,3,203.10224438902745,181.0,225.0,10.635126788725216,44.0,160,True,True
6382,9965,9c7d10c89.jpg,3,775.0444198545684,762.0,790.0,7.334112498231543,28.0,160,True,True
9685,3786,3ce4ece71.jpg,3,255.8293710502558,246.0,267.0,4.8829283511458605,21.0,160,True,True
6812,3710,3b42727ff.jpg,3,1198.5,1188.0,1209.0,5.560275772537426,21.0,160,True,True
5407,947,0e7f04eb4.jpg,3,1510.7235528942117,1501.0,1523.0,5.847908010178135,22.0,160,True,True
8471,8781,8b0964301.jpg,3,1245.637362637363,1239.0,1253.0,3.290066579761476,14.0,160,True,True
8371,12170,be1e3408f.jpg,3,622.0205557670347,561.0,680.0,30.90030194131074,119.0,160,True,True
6530,10328,a21fa9b86.jpg,3,1285.4557076706262,1266.0,1305.0,11.26105483903201,39.0,160,True,True
8933,1753,1b93e337a.jpg,3,1101.3025507794048,1088.0,1115.0,7.639080963804441,27.0,160,True,True
10586,15393,f298b80d1.jpg,3,843.9880573248407,798.0,893.0,21.351442411258773,95.0,160,True,True
8409,10785,a9414f90f.jpg,3,539.2171171171171,529.0,549.0,5.161593682831296,20.0,160,True,True
10019,3224,334a77fc4.jpg,3,1050.0074652777778,1004.0,1097.0,26.00981278164636,93.0,160,True,True
6810,2696,2ae658a56.jpg,3,728.7574395204452,711.0,749.0,9.964142294169609,38.0,160,True,True
5416,11212,aefa93267.jpg,3,1329.3854166666667,1323.0,1335.0,3.689426874152979,12.0,160,True,True
9214,9227,910540b7d.jpg,3,647.7015362106803,640.0,657.0,4.385770931902773,17.0,160,True,True
9466,15185,eeae0a244.jpg,3,1433.9543209876542,1423.0,1443.0,5.543094529856565,20.0,160,True,True
9777,10156,9ff2aa5c5.jpg,3,1094.1886501490696,1037.0,1149.0,31.62731280856054,112.0,160,True,True
7589,13144,ce22cd852.jpg,3,183.4439511653718,158.0,209.0,11.345566811538534,51.0,160,True,True
7966,13112,cdd3113af.jpg,3,903.9746843943057,815.0,953.0,20.64792781159283,138.0,160,True,True
